EmployeeID,Name,Age,Gender,MaritalStatus,Department,JobRole,City,Education,EducationField,BusinessTravel,TenureYears,MonthlyIncome,PercentSalaryHike,JobSatisfaction,EnvironmentSatisfaction,WorkLifeBalance,PerformanceRating,OverTime,DistanceFromHome_km,NumCompaniesWorked,TrainingTimesLastYear,YearsSinceLastPromotion,Attrition
1001,Vivaan Desai,36,Male,Married,Marketing,Marketing Executive,Bangalore,High School,Human Resources,Travel_Rarely,0.0,74987,15,2,4,4,3,No,1,6,6,0,No
1002,Vikram Johnson,27,Male,Married,R&D,Lab Technician,Bangalore,Master's,Life Sciences,Non-Travel,8.0,30328,19,3,2,3,3,No,3,5,1,0,No
1003,Lakshmi Anderson,44,Female,Married,HR,HR Manager,Pune,Bachelor's,Finance,Non-Travel,5.4,33200,11,3,3,2,3,No,4,1,6,5,No
1004,Vikram Park,41,Male,Married,Marketing,Content Strategist,Madurai,PhD,Finance,Travel_Rarely,5.2,72350,11,3,1,2,4,Yes,32,0,6,5,Yes
1005,Hiroshi Kelly,25,Male,Single,Operations,Operations Manager,Madurai,Master's,Human Resources,Non-Travel,5.1,53550,15,2,1,4,1,No,17,4,6,4,No
1006,Fatima Kelly,33,Female,Married,HR,HR Manager,Mumbai,High School,Human Resources,Travel_Frequently,2.9,25692,14,1,4,1,3,No,35,6,1,2,No
1007,Anil Zhang,48,Male,Divorced,Marketing,Content Strategist,Delhi,Master's,Marketing,Non-Travel,0.4,22757,11,2,3,2,1,No,4,1,0,0,Yes
1008,Sanjay Wang,34,Male,Married,HR,Recruiter,Madurai,Bachelor's,Life Sciences,Travel_Frequently,1.2,38890,16,1,4,1,2,No,7,1,1,1,Yes
1009,Sanjay Anderson,36,Male,Divorced,R&D,Lab Technician,Bangalore,High School,Finance,Travel_Rarely,2.9,48016,24,4,4,1,2,Yes,25,2,6,2,No
1010,Navya Rao,39,Female,Single,Marketing,Marketing Executive,Chennai,Master's,Computer Science,Non-Travel,2.8,44356,11,1,1,1,3,Yes,8,4,1,2,No
1011,Meena Chatterjee,41,Female,Divorced,Marketing,Marketing Manager,Coimbatore,Bachelor's,Finance,Travel_Frequently,6.7,47558,19,2,4,3,2,No,5,1,2,1,No
1012,Layla Sharma,56,Female,Single,Finance,Finance Manager,Bangalore,Bachelor's,Engineering,Travel_Rarely,1.3,90237,20,3,2,1,2,No,18,0,0,1,No
1013,Priya Wilson,56,Female,Divorced,Operations,Logistics Coordinator,Chennai,High School,Computer Science,Travel_Rarely,0.5,60404,21,3,4,1,4,Yes,16,5,0,0,No
1014,Ramesh Menon,32,Male,Married,Operations,Operations Executive,Mumbai,Master's,Life Sciences,Non-Travel,0.9,25075,17,4,1,2,2,No,23,2,6,0,No
1015,Patricia Desai,25,Female,Single,Finance,Accountant,Coimbatore,Master's,Computer Science,Travel_Frequently,2.9,61114,23,4,2,1,3,No,17,0,5,0,No
1016,Robert Walsh,41,Male,Married,R&D,R&D Manager,Hyderabad,Master's,Finance,Travel_Frequently,10.4,73109,20,3,4,4,3,Yes,19,1,3,3,No
1017,Luis Chen,31,Male,Single,R&D,Lab Technician,Pune,High School,Life Sciences,Non-Travel,7.4,29545,17,4,1,4,4,No,25,3,3,1,No
1018,Hiroshi Mukherjee,32,Male,Single,Customer Support,Support Executive,Delhi,High School,Marketing,Travel_Frequently,14.6,35075,17,4,3,4,4,No,31,3,2,6,No
1019,Kavya Desai,49,Female,Married,R&D,R&D Manager,Hyderabad,Bachelor's,Engineering,Travel_Frequently,0.9,68803,22,4,1,3,3,No,14,6,3,0,No
1020,Ana Sharma,43,Female,Single,Finance,Accountant,Coimbatore,Bachelor's,Marketing,Travel_Frequently,1.1,41632,10,4,4,2,4,No,26,4,4,0,Yes
1021,Pooja Nair,37,Female,Married,Operations,Operations Manager,Delhi,PhD,Engineering,Travel_Frequently,2.9,50968,17,3,1,2,3,No,3,6,0,1,No
1022,Krishna Chen,28,Male,Divorced,Marketing,Marketing Manager,Hyderabad,Master's,Business,Non-Travel,2.4,43562,17,4,3,4,4,Yes,38,5,6,0,No
1023,Aditya Williams,55,Male,Divorced,Operations,Logistics Coordinator,Pune,High School,Human Resources,Travel_Frequently,1.8,80258,25,2,4,4,2,No,18,4,6,1,No
1024,Mary Banerjee,26,Female,Divorced,Finance,Accountant,Delhi,PhD,Human Resources,Non-Travel,0.4,53862,16,3,2,3,4,No,18,4,0,0,No
1025,Kavya Chen,52,Female,Married,Customer Support,Support Executive,Bangalore,Master's,Business,Non-Travel,2.3,39442,16,3,1,3,3,Yes,17,1,0,2,No
1026,Karan Chatterjee,51,Male,Single,Finance,Finance Manager,Hyderabad,High School,Life Sciences,Travel_Frequently,1.4,45515,24,2,2,4,2,Yes,19,3,3,1,No
1027,Ana Singh,25,Female,Single,Operations,Operations Manager,Bangalore,High School,Business,Non-Travel,1.2,88643,11,4,1,4,4,Yes,38,3,2,1,No
1028,Vikram Joshi,26,Male,Single,HR,HR Executive,Mumbai,High School,Business,Travel_Frequently,4.2,38035,16,4,1,1,3,No,38,5,6,3,No
1029,Sanjay Das,25,Male,Single,Sales,Sales Executive,Hyderabad,Master's,Marketing,Travel_Frequently,2.4,30543,10,1,3,4,3,No,2,0,1,2,No
1030,Carlos Zhang,49,Male,Married,Finance,Financial Analyst,Coimbatore,PhD,Computer Science,Travel_Frequently,1.6,84942,18,3,1,4,4,No,30,0,2,1,No
1031,Fatima Sharma,55,Female,Married,Customer Support,Support Team Lead,Chennai,Bachelor's,Human Resources,Non-Travel,2.3,24438,15,4,1,4,2,No,39,6,1,2,No
1032,Suresh Singh,50,Male,Married,R&D,R&D Manager,Mumbai,PhD,Finance,Non-Travel,1.8,62013,18,2,1,1,3,No,27,2,6,1,Yes
1033,Sofia Das,49,Female,Married,Customer Support,Support Team Lead,Pune,PhD,Marketing,Travel_Rarely,1.5,25426,14,4,3,4,3,No,10,3,0,1,No
1034,Anika Zhang,50,Female,Divorced,Sales,Account Manager,Mumbai,PhD,Life Sciences,Travel_Rarely,2.6,55738,11,4,1,3,3,No,32,6,4,2,No
1035,Divya Patel,48,Female,Divorced,R&D,R&D Manager,Bangalore,PhD,Business,Travel_Frequently,1.1,59483,17,4,2,2,2,Yes,25,4,5,1,Yes
1036,Maria Joshi,21,Female,Married,Customer Support,Support Team Lead,Mumbai,High School,Marketing,Non-Travel,2.9,27605,19,4,4,1,3,No,37,2,5,0,No
1037,Jose Shah,35,Male,Divorced,IT,Software Engineer,Delhi,Master's,Finance,Non-Travel,0.7,77779,23,1,2,3,3,Yes,19,2,5,0,Yes
1038,Layla Li,38,Female,Married,HR,HR Manager,Madurai,Master's,Finance,Travel_Rarely,6.0,70114,21,3,3,1,4,Yes,35,0,3,5,No
1039,Anika Mukherjee,51,Female,Single,Sales,Account Manager,Pune,Bachelor's,Finance,Non-Travel,0.8,38613,21,4,4,1,2,No,9,3,3,0,No
1040,Jian Gupta,52,Male,Married,Operations,Operations Manager,Chennai,Master's,Business,Travel_Frequently,2.7,95845,16,3,1,2,4,No,30,0,5,2,Yes
1041,Kavya Kumar,57,Female,Single,Marketing,Marketing Executive,Delhi,Bachelor's,Life Sciences,Travel_Frequently,9.2,37038,17,3,3,2,2,No,9,0,2,4,Yes
1042,Aadhya Kumar,47,Female,Married,R&D,R&D Manager,Bangalore,PhD,Marketing,Non-Travel,3.9,137009,25,1,4,1,4,No,28,5,0,3,Yes
1043,James Kelly,30,Male,Divorced,R&D,Research Scientist,Hyderabad,Master's,Marketing,Non-Travel,0.3,48183,13,4,4,4,4,No,30,3,3,0,No
1044,Linda Das,51,Female,Single,R&D,Research Scientist,Bangalore,High School,Marketing,Non-Travel,5.2,63207,11,1,3,4,3,No,28,6,5,2,No
1045,Ishaan Chen,35,Male,Married,R&D,Lab Technician,Pune,High School,Life Sciences,Non-Travel,5.2,23441,10,3,2,1,2,No,20,2,2,1,No
1046,Kiara Das,22,Female,Married,R&D,R&D Manager,Delhi,PhD,Marketing,Travel_Frequently,4.3,39745,23,1,2,1,3,No,32,4,3,2,No
1047,Michael Davis,28,Male,Single,Finance,Finance Manager,Madurai,Master's,Computer Science,Travel_Frequently,3.8,82628,17,1,3,1,3,No,9,3,4,3,Yes
1048,Hiroshi Verma,50,Male,Divorced,R&D,Lab Technician,Coimbatore,PhD,Finance,Travel_Frequently,8.4,80305,12,3,3,1,3,Yes,28,4,3,3,No
1049,Robert Menon,25,Male,Divorced,R&D,R&D Manager,Delhi,Master's,Engineering,Non-Travel,3.6,44472,20,4,3,4,4,No,29,5,4,3,No
1050,Carlos Wilson,40,Male,Single,Finance,Finance Manager,Chennai,Master's,Human Resources,Travel_Frequently,4.5,54358,16,4,4,4,3,No,3,3,6,2,No
1051,Liam Gupta,42,Male,Divorced,R&D,R&D Manager,Mumbai,High School,Business,Travel_Frequently,9.9,113556,22,3,3,1,4,No,5,2,0,2,No
1052,Robert Patel,58,Male,Divorced,HR,HR Manager,Hyderabad,PhD,Business,Non-Travel,4.5,64728,20,1,4,4,3,Yes,20,1,1,4,No
1053,Ishaan Reddy,39,Male,Divorced,R&D,R&D Manager,Chennai,Master's,Life Sciences,Travel_Rarely,3.7,73411,24,1,2,4,3,No,29,4,2,1,No
1054,Neha Brown,57,Female,Divorced,Customer Support,Support Team Lead,Hyderabad,PhD,Human Resources,Travel_Frequently,2.6,36010,19,4,2,3,3,Yes,34,6,0,0,No
1055,Hiroshi Patel,35,Male,Married,Customer Support,Support Team Lead,Chennai,PhD,Computer Science,Non-Travel,1.8,18246,14,3,4,2,2,Yes,31,5,6,1,No
1056,Sai Verma,37,Male,Married,Marketing,Marketing Executive,Coimbatore,High School,Life Sciences,Travel_Rarely,1.1,34530,10,4,3,1,3,No,10,2,3,1,No
1057,Pooja Patel,54,Female,Married,IT,Software Engineer,Chennai,PhD,Life Sciences,Travel_Rarely,4.0,65193,21,2,3,1,4,No,22,1,0,4,No
1058,Noah Chen,32,Male,Single,HR,HR Executive,Madurai,High School,Engineering,Travel_Rarely,2.8,41719,11,4,3,3,1,No,19,2,6,2,No
1059,Yuki Garcia,49,Female,Married,Operations,Operations Manager,Mumbai,PhD,Finance,Travel_Frequently,0.9,73018,23,3,4,1,2,No,20,3,4,0,No
1060,Michael Walsh,48,Male,Divorced,Finance,Finance Manager,Chennai,High School,Finance,Travel_Frequently,0.4,109752,14,1,4,2,4,No,25,4,0,0,No
1061,Seo-yeon Reddy,57,Female,Divorced,HR,Recruiter,Pune,PhD,Engineering,Travel_Frequently,1.2,33404,25,1,1,3,4,No,14,4,2,1,Yes
1062,Liam Pillai,49,Male,Single,R&D,R&D Manager,Pune,Master's,Finance,Non-Travel,12.7,76937,10,2,3,1,4,No,16,6,3,2,No
1063,Sai Reddy,40,Male,Married,Operations,Logistics Coordinator,Madurai,PhD,Life Sciences,Non-Travel,5.6,65156,13,2,2,2,4,Yes,33,6,0,4,Yes
1064,James Mukherjee,43,Male,Divorced,Finance,Financial Analyst,Hyderabad,Bachelor's,Finance,Travel_Frequently,0.1,40210,18,2,2,3,4,No,2,0,0,0,No
1065,Diya Wang,55,Female,Divorced,Finance,Finance Manager,Hyderabad,PhD,Business,Travel_Frequently,1.1,73387,21,2,1,3,4,No,23,3,1,1,No
1066,Riya Desai,49,Female,Married,Marketing,Marketing Executive,Bangalore,High School,Engineering,Non-Travel,13.5,60988,10,2,4,2,3,No,32,2,3,0,No
1067,Vikram Lee,43,Male,Divorced,Sales,Sales Executive,Hyderabad,PhD,Human Resources,Non-Travel,10.4,67943,19,4,4,3,1,Yes,36,1,2,0,No
1068,Riya Kumar,27,Female,Single,Operations,Operations Manager,Pune,Master's,Life Sciences,Travel_Rarely,3.2,136248,19,2,3,2,3,No,11,3,4,3,No
1069,Nisha Chen,22,Female,Married,IT,System Admin,Bangalore,PhD,Human Resources,Non-Travel,5.4,49824,22,1,2,4,2,No,40,6,6,1,Yes
1070,Karan Verma,49,Male,Single,IT,System Admin,Mumbai,PhD,Finance,Travel_Frequently,4.9,38098,24,2,3,3,4,No,25,2,1,4,No
1071,Ana Rao,36,Female,Married,Finance,Finance Manager,Hyderabad,Bachelor's,Engineering,Non-Travel,9.8,86214,19,4,1,4,4,No,10,2,0,5,No
1072,Meena Chen,34,Female,Single,Marketing,Content Strategist,Hyderabad,Master's,Business,Non-Travel,0.7,50518,14,1,2,1,3,No,7,5,6,0,No
1073,Ana Rao,39,Female,Divorced,IT,System Admin,Chennai,High School,Finance,Travel_Rarely,0.5,43040,19,1,1,4,4,Yes,19,0,0,0,No
1074,Shreya Anderson,55,Female,Single,Customer Support,Support Executive,Madurai,Master's,Business,Travel_Frequently,4.0,40911,20,3,4,2,2,No,26,6,3,0,No
1075,Krishna Chen,41,Male,Married,Marketing,Marketing Executive,Hyderabad,PhD,Business,Travel_Frequently,5.9,50972,19,1,1,1,3,Yes,33,5,6,5,No
1076,Linda Walsh,35,Female,Divorced,Marketing,Marketing Executive,Madurai,Bachelor's,Marketing,Non-Travel,6.7,48627,13,2,2,1,3,No,24,0,4,0,No
1077,Rahul Smith,54,Male,Divorced,Customer Support,Support Executive,Delhi,PhD,Computer Science,Travel_Frequently,0.8,30151,11,3,3,1,3,No,14,4,0,0,No
1078,Arjun Chen,23,Male,Divorced,Finance,Accountant,Mumbai,Bachelor's,Life Sciences,Non-Travel,10.1,69479,21,4,2,1,3,No,35,1,5,0,No
1079,Layla Kumar,35,Female,Divorced,Sales,Sales Executive,Hyderabad,PhD,Finance,Non-Travel,0.4,44704,12,1,1,1,4,No,2,1,1,0,No
1080,Ramesh Iyer,46,Male,Divorced,Customer Support,Support Executive,Delhi,High School,Business,Travel_Frequently,5.3,41816,19,3,1,2,3,Yes,34,1,3,2,No
1081,Hiroshi Kim,52,Male,Married,Sales,Sales Manager,Coimbatore,Master's,Finance,Travel_Frequently,6.0,108661,14,2,2,4,4,No,27,4,4,3,No
1082,Myra Wilson,44,Female,Married,R&D,R&D Manager,Delhi,High School,Engineering,Non-Travel,3.3,79433,25,3,2,3,4,Yes,13,5,0,1,No
1083,Min-jun Smith,39,Male,Married,Operations,Operations Manager,Pune,Master's,Engineering,Non-Travel,6.2,115094,10,3,4,3,3,No,15,5,1,2,No
1084,Robert Mukherjee,45,Male,Married,Marketing,Marketing Manager,Pune,Master's,Life Sciences,Non-Travel,0.6,125335,23,1,2,1,4,Yes,4,6,0,0,Yes
1085,Aarav Chatterjee,53,Male,Married,Customer Support,Support Team Lead,Chennai,PhD,Finance,Travel_Rarely,2.1,24394,14,1,2,4,4,No,7,0,4,1,No
1086,Jennifer Desai,46,Female,Single,R&D,Lab Technician,Coimbatore,PhD,Human Resources,Non-Travel,12.2,24152,15,1,4,4,3,No,4,5,0,0,No
1087,Anika Zhang,23,Female,Single,Marketing,Marketing Executive,Madurai,Master's,Computer Science,Non-Travel,7.3,61220,15,1,2,2,3,No,26,0,2,4,No
1088,Patricia Jones,29,Female,Married,R&D,R&D Manager,Pune,High School,Computer Science,Travel_Rarely,1.7,88819,22,3,3,4,3,No,25,3,1,0,No
1089,Sai Desai,30,Male,Married,Operations,Logistics Coordinator,Mumbai,PhD,Engineering,Travel_Rarely,0.1,31442,12,2,1,4,3,No,27,0,0,0,No
1090,Elizabeth Sharma,39,Female,Divorced,Operations,Operations Manager,Bangalore,Bachelor's,Human Resources,Travel_Rarely,0.7,67792,25,4,2,3,3,Yes,17,1,5,0,No
1091,Deepak Sharma,46,Male,Married,IT,IT Manager,Coimbatore,Master's,Marketing,Travel_Frequently,2.7,75951,17,2,4,4,4,Yes,32,4,6,2,No
1092,Linda Singh,57,Female,Married,Marketing,Content Strategist,Mumbai,High School,Finance,Non-Travel,6.3,73627,22,4,4,2,3,Yes,10,5,3,0,No
1093,Mei Tanaka,53,Female,Divorced,Operations,Logistics Coordinator,Chennai,Master's,Finance,Non-Travel,1.2,25806,17,4,2,3,4,No,1,0,2,1,No
1094,Maria Lee,53,Female,Married,HR,HR Manager,Chennai,PhD,Computer Science,Travel_Frequently,1.2,42711,19,2,1,4,3,Yes,29,2,0,0,Yes
1095,Anika Menon,36,Female,Married,HR,Recruiter,Mumbai,Master's,Human Resources,Travel_Frequently,1.8,15956,12,2,1,4,3,No,14,1,2,1,No
1096,David Smith,33,Male,Divorced,Customer Support,Support Executive,Hyderabad,PhD,Human Resources,Travel_Frequently,5.3,35229,17,2,1,3,4,No,9,2,0,2,No
1097,Luis Jones,47,Male,Married,HR,Recruiter,Coimbatore,PhD,Business,Non-Travel,0.5,24464,10,2,2,2,3,No,4,6,2,0,Yes
1098,Fatima Wang,47,Female,Single,Customer Support,Support Team Lead,Madurai,PhD,Business,Non-Travel,2.5,20511,21,4,1,4,3,Yes,8,2,6,2,No
1099,Sneha Davis,27,Female,Married,Marketing,Marketing Manager,Chennai,PhD,Engineering,Travel_Rarely,6.1,120735,21,4,3,2,3,No,14,6,0,4,No
1100,James Shah,39,Male,Married,Finance,Finance Manager,Bangalore,Bachelor's,Life Sciences,Travel_Rarely,1.0,112876,12,4,1,4,2,No,27,3,3,1,No
1101,Linda Anderson,52,Female,Married,IT,IT Manager,Chennai,High School,Finance,Non-Travel,0.7,138313,25,4,3,3,3,Yes,36,4,1,0,No
1102,Aditya Gupta,50,Male,Single,Sales,Sales Executive,Mumbai,PhD,Marketing,Travel_Frequently,0.2,55916,19,1,2,3,3,No,11,0,3,0,No
1103,Reyansh Sharma,34,Male,Divorced,Customer Support,Support Executive,Mumbai,Bachelor's,Human Resources,Travel_Frequently,2.4,19331,21,4,2,1,3,Yes,7,0,2,2,No
1104,Ishaan Reddy,54,Male,Divorced,Sales,Account Manager,Mumbai,PhD,Engineering,Travel_Rarely,12.5,57966,14,2,3,1,3,No,28,2,6,1,No
1105,Min-jun Kelly,39,Male,Divorced,Sales,Account Manager,Hyderabad,Bachelor's,Human Resources,Non-Travel,5.6,84629,20,1,4,2,3,No,34,0,2,1,No
1106,Linda Tanaka,32,Female,Married,Customer Support,Support Executive,Chennai,High School,Computer Science,Travel_Rarely,6.2,31418,14,4,1,4,3,Yes,35,4,4,2,No
1107,Ishaan Tanaka,41,Male,Married,Operations,Logistics Coordinator,Bangalore,Master's,Finance,Non-Travel,1.0,27212,21,3,3,2,2,No,1,1,3,1,No
1108,Sanjay Singh,22,Male,Divorced,IT,System Admin,Hyderabad,High School,Engineering,Non-Travel,7.4,41873,13,3,1,2,3,Yes,37,5,5,1,Yes
1109,Ramesh Iyer,51,Male,Single,IT,System Admin,Mumbai,Bachelor's,Life Sciences,Non-Travel,0.8,61934,11,3,1,1,3,Yes,4,1,1,0,No
1110,Nisha Smith,26,Female,Divorced,Customer Support,Support Executive,Pune,Bachelor's,Engineering,Travel_Frequently,14.8,40424,21,2,1,2,2,No,2,1,4,5,No
1111,William Malhotra,27,Male,Single,Marketing,Content Strategist,Delhi,PhD,Marketing,Travel_Rarely,1.2,68823,11,4,2,1,3,No,26,0,4,1,Yes
1112,Mary Garcia,41,Female,Single,IT,System Admin,Hyderabad,Bachelor's,Computer Science,Travel_Rarely,2.2,73282,13,1,2,3,4,Yes,20,3,2,0,No
1113,Saanvi Chatterjee,41,Female,Divorced,HR,HR Executive,Delhi,Master's,Marketing,Travel_Rarely,1.5,29817,11,2,2,1,3,No,9,0,0,1,Yes
1114,Linda Patel,58,Female,Divorced,Finance,Financial Analyst,Chennai,High School,Business,Travel_Frequently,0.8,80423,22,1,4,2,4,No,26,3,0,0,Yes
1115,Rohan Desai,38,Male,Married,Customer Support,Support Executive,Chennai,Bachelor's,Finance,Travel_Frequently,0.4,21535,25,2,3,1,4,No,23,3,4,0,No
1116,Vivaan Smith,35,Male,Married,Sales,Sales Manager,Chennai,PhD,Human Resources,Non-Travel,2.9,48699,20,2,3,4,3,No,12,1,1,2,No
1117,Michael Park,57,Male,Married,HR,Recruiter,Delhi,PhD,Human Resources,Travel_Rarely,1.2,15022,20,3,1,2,4,No,12,6,6,0,Yes
1118,Ayaan Zhang,44,Male,Married,R&D,Lab Technician,Coimbatore,High School,Engineering,Travel_Frequently,13.3,61586,19,2,2,3,3,No,12,3,2,1,No
1119,Saanvi Pillai,41,Female,Married,Marketing,Content Strategist,Bangalore,PhD,Business,Non-Travel,12.1,64007,13,4,1,1,3,Yes,5,2,2,5,Yes
1120,Ling Menon,47,Female,Married,Customer Support,Support Team Lead,Pune,PhD,Computer Science,Non-Travel,3.7,24663,15,1,1,3,3,Yes,22,1,3,3,No
1121,Robert Kelly,51,Male,Single,Sales,Sales Manager,Mumbai,PhD,Business,Travel_Rarely,11.4,94765,14,3,3,2,2,No,36,6,3,0,Yes
1122,Manoj Kelly,51,Male,Divorced,Marketing,Marketing Executive,Chennai,Bachelor's,Business,Travel_Frequently,1.9,54734,11,1,4,4,2,No,24,1,3,1,No
1123,Sanjay Park,24,Male,Married,HR,Recruiter,Bangalore,High School,Finance,Non-Travel,2.5,32123,11,4,2,4,3,Yes,20,0,3,2,No
1124,Pooja Menon,34,Female,Divorced,Marketing,Marketing Executive,Chennai,PhD,Computer Science,Travel_Frequently,2.6,28783,10,1,4,4,3,No,18,4,3,2,No
1125,Ishaan Park,58,Male,Divorced,R&D,Research Scientist,Bangalore,Master's,Life Sciences,Travel_Frequently,1.5,42570,20,3,2,4,2,No,26,0,3,1,Yes
1126,Lakshmi Brown,22,Female,Married,IT,System Admin,Hyderabad,Master's,Life Sciences,Non-Travel,3.9,62056,23,3,4,4,3,Yes,29,1,6,3,No
1127,Aadhya Li,31,Female,Divorced,R&D,Lab Technician,Coimbatore,Bachelor's,Life Sciences,Non-Travel,0.0,79827,13,1,1,3,3,Yes,30,4,3,0,Yes
1128,Seo-yeon Pillai,51,Female,Divorced,IT,System Admin,Mumbai,Master's,Finance,Travel_Rarely,11.6,49012,10,2,2,2,3,No,2,6,6,3,No
1129,Suresh Joshi,40,Male,Married,Finance,Accountant,Coimbatore,Master's,Marketing,Travel_Rarely,0.5,87045,20,3,3,3,3,Yes,5,2,2,0,No
1130,Neha Das,54,Female,Single,Marketing,Marketing Executive,Coimbatore,Master's,Finance,Non-Travel,2.0,24629,25,2,3,3,3,Yes,35,5,6,2,No
1131,Min-jun Pillai,39,Male,Divorced,R&D,Lab Technician,Mumbai,Master's,Finance,Travel_Rarely,0.9,60250,25,4,1,3,3,No,30,6,0,0,No
1132,Luis Singh,45,Male,Single,Finance,Accountant,Chennai,Bachelor's,Business,Travel_Frequently,2.1,43639,10,1,3,4,3,No,21,5,0,2,No
1133,Rahul Wang,26,Male,Married,HR,Recruiter,Coimbatore,PhD,Marketing,Travel_Frequently,0.4,25558,21,2,2,1,3,No,16,1,5,0,Yes
1134,Priya Reddy,23,Female,Divorced,Finance,Accountant,Madurai,Master's,Marketing,Travel_Rarely,8.5,72873,15,1,3,2,3,No,14,5,0,0,No
1135,William Joshi,55,Male,Single,Sales,Account Manager,Chennai,High School,Finance,Travel_Rarely,1.8,60215,14,1,1,3,3,Yes,34,2,4,1,No
1136,Manoj Singh,27,Male,Divorced,Customer Support,Support Executive,Delhi,Master's,Life Sciences,Travel_Rarely,11.4,37551,25,4,1,3,3,Yes,6,0,6,1,No
1137,Reyansh Joshi,35,Male,Single,Customer Support,Support Team Lead,Hyderabad,PhD,Computer Science,Travel_Rarely,2.7,18797,24,1,3,1,1,Yes,11,2,2,2,No
1138,David Johnson,32,Male,Married,R&D,Lab Technician,Coimbatore,PhD,Engineering,Non-Travel,0.9,27686,15,2,4,1,3,No,37,5,3,0,No
1139,Krishna Chen,52,Male,Married,R&D,Lab Technician,Madurai,High School,Computer Science,Non-Travel,5.7,49358,22,3,1,1,3,No,31,2,5,1,Yes
1140,Luis Chen,52,Male,Married,HR,HR Executive,Madurai,Master's,Business,Travel_Frequently,0.1,30043,10,4,4,4,2,No,21,0,3,0,No
1141,Sai Kelly,40,Male,Single,Marketing,Content Strategist,Madurai,Master's,Engineering,Travel_Rarely,6.1,67617,19,4,3,1,2,No,1,2,2,4,No
1142,Rahul Wang,29,Male,Single,Operations,Operations Executive,Hyderabad,Bachelor's,Business,Travel_Frequently,3.8,26094,10,1,1,4,3,No,33,1,3,3,No
1143,Ana Li,32,Female,Divorced,HR,Recruiter,Mumbai,High School,Marketing,Non-Travel,6.5,37692,14,2,4,3,3,No,19,3,6,1,No
1144,Mary Kim,34,Female,Single,Marketing,Marketing Executive,Hyderabad,Master's,Finance,Non-Travel,2.9,35126,19,3,4,4,3,No,27,5,5,2,No
1145,Vivaan Jones,30,Male,Single,Sales,Account Manager,Chennai,Bachelor's,Engineering,Travel_Frequently,0.7,38273,22,4,3,1,3,No,36,6,1,0,No
1146,William Jones,47,Male,Married,IT,IT Manager,Chennai,High School,Finance,Travel_Rarely,13.6,121229,13,2,1,2,3,Yes,5,1,1,3,No
1147,Pari Menon,58,Female,Single,Finance,Financial Analyst,Pune,PhD,Finance,Travel_Rarely,3.2,59472,12,4,2,3,2,No,34,1,1,3,No
1148,Myra Williams,35,Female,Married,Marketing,Content Strategist,Pune,Master's,Engineering,Travel_Rarely,4.9,21153,11,1,3,3,3,No,40,4,1,4,No
1149,William Joshi,55,Male,Single,Finance,Financial Analyst,Pune,PhD,Marketing,Travel_Frequently,0.9,89888,23,1,1,1,3,No,14,6,5,0,Yes
1150,Kiara Das,22,Female,Single,Customer Support,Customer Success Manager,Pune,High School,Computer Science,Travel_Rarely,13.6,45201,12,4,1,4,3,No,8,4,0,6,No
1151,Michael Li,27,Male,Married,Finance,Finance Manager,Hyderabad,High School,Engineering,Travel_Frequently,0.4,128131,14,3,1,2,3,No,24,0,4,0,Yes
1152,Myra Malhotra,34,Female,Single,IT,Software Engineer,Coimbatore,Bachelor's,Business,Travel_Rarely,3.5,27128,25,4,3,1,3,Yes,7,1,5,2,No
1153,Reyansh Shah,25,Male,Divorced,Marketing,Marketing Manager,Madurai,PhD,Engineering,Non-Travel,2.2,113014,21,3,3,2,4,No,28,2,6,1,No
1154,Seo-yeon Williams,40,Female,Divorced,Customer Support,Customer Success Manager,Bangalore,Bachelor's,Finance,Travel_Rarely,2.7,75459,16,1,3,1,4,No,38,4,3,0,No
1155,Navya Brown,46,Female,Divorced,Marketing,Content Strategist,Hyderabad,Bachelor's,Marketing,Non-Travel,8.9,41737,14,2,4,4,2,No,37,5,6,5,No
1156,Suresh Wang,35,Male,Divorced,R&D,Lab Technician,Pune,Bachelor's,Computer Science,Travel_Rarely,14.3,25230,18,3,2,1,3,No,18,6,5,4,No
1157,Linda Lee,25,Female,Married,Finance,Accountant,Delhi,PhD,Engineering,Travel_Frequently,2.8,50145,13,1,2,3,3,Yes,24,4,5,2,No
1158,Riya Chen,51,Female,Single,Customer Support,Support Executive,Mumbai,PhD,Computer Science,Travel_Rarely,11.1,19812,10,1,3,2,3,Yes,26,4,4,5,No
1159,Liam Kelly,51,Male,Single,Customer Support,Support Executive,Delhi,PhD,Human Resources,Non-Travel,5.6,26228,23,4,2,1,3,No,7,0,1,5,No
1160,Carlos Walsh,23,Male,Divorced,R&D,Research Scientist,Madurai,Bachelor's,Human Resources,Travel_Rarely,2.5,25693,13,4,2,2,4,No,25,2,4,2,No
1161,Sai Shah,55,Male,Divorced,Operations,Operations Manager,Delhi,High School,Finance,Travel_Rarely,3.0,98519,23,1,3,2,3,No,17,6,4,3,No
1162,Sneha Miller,56,Female,Married,Customer Support,Support Executive,Pune,PhD,Engineering,Non-Travel,5.9,39504,22,2,3,4,4,No,7,1,4,5,No
1163,Rahul Jones,21,Male,Single,R&D,Research Scientist,Madurai,PhD,Computer Science,Travel_Frequently,10.1,88289,16,3,3,1,4,No,32,3,0,6,No
1164,Rahul Iyer,44,Male,Married,Marketing,Content Strategist,Chennai,Bachelor's,Computer Science,Travel_Frequently,5.3,28993,18,1,2,3,3,No,38,2,2,1,No
1165,Ananya Joshi,32,Female,Married,Operations,Logistics Coordinator,Bangalore,High School,Human Resources,Travel_Frequently,6.8,52786,24,4,1,4,3,No,22,6,3,4,No
1166,Kiara Jones,35,Female,Divorced,Marketing,Marketing Manager,Coimbatore,Master's,Human Resources,Travel_Rarely,4.1,93219,16,2,2,4,3,Yes,37,2,1,3,Yes
1167,Anil Chatterjee,35,Male,Single,Marketing,Marketing Executive,Pune,Bachelor's,Life Sciences,Travel_Rarely,5.7,25539,25,4,3,3,3,No,37,6,2,1,No
1168,Vihaan Zhang,48,Male,Divorced,Customer Support,Customer Success Manager,Chennai,Master's,Marketing,Travel_Rarely,0.5,55832,17,1,4,3,3,No,12,4,2,0,No
1169,Linda Pillai,52,Female,Married,Operations,Operations Executive,Coimbatore,Master's,Engineering,Travel_Frequently,6.9,55382,10,2,4,4,4,Yes,10,3,6,1,No
1170,Sofia Malhotra,37,Female,Single,Sales,Sales Manager,Bangalore,Bachelor's,Computer Science,Travel_Frequently,2.3,84544,15,4,3,1,3,No,39,1,4,2,No
1171,Seo-yeon Patel,45,Female,Married,Finance,Accountant,Mumbai,Bachelor's,Finance,Travel_Frequently,0.6,49912,18,3,3,3,3,No,39,5,3,0,No
1172,Ling Menon,32,Female,Divorced,Sales,Sales Executive,Delhi,Master's,Finance,Non-Travel,7.5,27055,14,1,4,4,3,No,7,2,4,0,No
1173,Manoj Wilson,29,Male,Divorced,HR,Recruiter,Mumbai,High School,Computer Science,Travel_Frequently,1.7,23926,24,4,4,2,4,No,12,4,4,1,No
1174,Jennifer Chen,55,Female,Married,Marketing,Marketing Executive,Madurai,Master's,Engineering,Travel_Frequently,0.2,57586,23,4,3,1,3,No,31,2,0,0,No
1175,Min-jun Brown,33,Male,Single,Operations,Logistics Coordinator,Coimbatore,PhD,Business,Non-Travel,1.8,51399,12,3,2,3,3,No,18,3,1,1,No
1176,Seo-yeon Desai,52,Female,Divorced,Marketing,Marketing Manager,Chennai,Bachelor's,Computer Science,Travel_Rarely,4.1,72997,11,1,1,4,3,No,32,2,3,2,No
1177,Vihaan Desai,46,Male,Married,R&D,R&D Manager,Madurai,Bachelor's,Business,Travel_Frequently,6.1,118929,25,1,3,2,3,No,34,5,1,3,No
1178,Aditya Kim,54,Male,Married,R&D,Lab Technician,Madurai,Master's,Business,Travel_Rarely,1.4,41936,25,3,2,1,3,Yes,3,4,6,1,No
1179,Ramesh Menon,52,Male,Married,R&D,R&D Manager,Pune,High School,Computer Science,Non-Travel,2.1,118122,25,4,4,2,1,No,9,2,0,2,No
1180,Neha Park,32,Female,Divorced,IT,System Admin,Madurai,Master's,Life Sciences,Non-Travel,2.1,79517,17,1,1,4,3,No,40,6,2,2,No
1181,Neha Zhang,52,Female,Divorced,HR,Recruiter,Hyderabad,Master's,Marketing,Travel_Frequently,0.1,43622,22,1,4,2,2,Yes,3,4,5,0,No
1182,Aadhya Brown,35,Female,Single,R&D,Research Scientist,Delhi,PhD,Life Sciences,Travel_Frequently,1.1,68374,13,1,2,3,3,No,20,0,1,0,No
1183,Karan Zhang,36,Male,Divorced,HR,Recruiter,Coimbatore,High School,Life Sciences,Non-Travel,0.4,20911,20,4,3,3,3,No,39,3,2,0,No
1184,Yuki Smith,36,Female,Married,Marketing,Marketing Manager,Hyderabad,Master's,Marketing,Travel_Frequently,0.0,83582,14,2,1,2,4,Yes,18,4,4,0,Yes
1185,Krishna Joshi,44,Male,Divorced,Marketing,Marketing Executive,Hyderabad,Master's,Computer Science,Travel_Frequently,1.4,83999,11,1,3,3,1,No,25,0,6,1,No
1186,Ling Singh,35,Female,Divorced,Sales,Account Manager,Coimbatore,High School,Engineering,Travel_Rarely,0.3,134805,12,1,1,2,3,No,10,1,2,0,No
1187,Myra Garcia,53,Female,Divorced,Operations,Logistics Coordinator,Mumbai,Bachelor's,Marketing,Travel_Rarely,3.8,52275,23,2,3,1,3,No,37,0,0,3,No
1188,Jennifer Kelly,22,Female,Single,Finance,Financial Analyst,Pune,PhD,Human Resources,Travel_Frequently,3.8,31247,19,1,3,1,3,No,10,6,6,0,No
1189,Deepak Wilson,51,Male,Divorced,Sales,Sales Manager,Delhi,Bachelor's,Business,Non-Travel,5.5,35593,24,1,1,3,2,Yes,40,2,0,5,Yes
1190,Linda Gupta,22,Female,Divorced,Finance,Finance Manager,Coimbatore,Bachelor's,Marketing,Non-Travel,0.1,161258,15,1,3,1,3,No,22,3,3,0,No
1191,Nisha Banerjee,53,Female,Single,Finance,Financial Analyst,Hyderabad,PhD,Life Sciences,Non-Travel,0.9,70096,24,2,2,4,3,Yes,20,4,2,0,Yes
1192,Omar Rao,29,Male,Single,Finance,Finance Manager,Mumbai,PhD,Life Sciences,Non-Travel,11.5,52993,24,2,3,1,4,No,27,3,2,5,Yes
1193,Reyansh Kumar,32,Male,Single,Sales,Account Manager,Hyderabad,Bachelor's,Human Resources,Travel_Rarely,1.7,143011,17,3,4,2,4,No,9,1,1,0,No
1194,Sanjay Miller,35,Male,Divorced,Marketing,Marketing Executive,Bangalore,Bachelor's,Marketing,Travel_Frequently,6.6,69856,11,3,1,4,3,No,39,4,4,4,No
1195,Ramesh Zhang,55,Male,Divorced,Operations,Logistics Coordinator,Chennai,PhD,Human Resources,Travel_Rarely,1.9,41821,24,4,1,3,3,Yes,34,1,3,0,Yes
1196,Wei Miller,41,Male,Divorced,Customer Support,Support Executive,Mumbai,PhD,Human Resources,Travel_Rarely,4.3,20373,22,1,2,1,2,No,24,0,4,4,No
1197,Saanvi Menon,42,Female,Divorced,HR,HR Executive,Mumbai,Bachelor's,Life Sciences,Travel_Rarely,6.1,18852,25,2,1,2,1,No,1,3,3,4,No
1198,Kavya Chatterjee,58,Female,Divorced,Customer Support,Support Team Lead,Coimbatore,PhD,Computer Science,Non-Travel,4.1,21803,11,1,3,2,2,No,3,1,6,4,No
1199,Vihaan Gupta,47,Male,Divorced,HR,HR Executive,Hyderabad,Bachelor's,Marketing,Non-Travel,9.6,41878,18,1,4,4,4,Yes,31,1,0,2,No
1200,Vihaan Gupta,57,Male,Married,R&D,Lab Technician,Hyderabad,PhD,Human Resources,Travel_Frequently,4.4,88118,16,4,1,4,4,No,15,5,2,0,No
1201,Vikram Walsh,47,Male,Divorced,Operations,Operations Executive,Pune,Master's,Human Resources,Travel_Rarely,1.4,86412,10,3,2,1,2,No,26,5,4,1,Yes
1202,Ana Chen,23,Female,Divorced,HR,HR Manager,Mumbai,PhD,Life Sciences,Travel_Frequently,2.6,59064,18,3,1,1,3,No,23,0,1,2,No
1203,Priya Park,45,Female,Married,HR,Recruiter,Bangalore,Master's,Finance,Non-Travel,1.8,24916,12,2,1,3,2,No,3,6,1,1,No
1204,Karan Johnson,51,Male,Divorced,Finance,Accountant,Mumbai,High School,Life Sciences,Non-Travel,10.1,35182,20,1,1,3,4,No,39,6,0,3,Yes
1205,Diya Park,40,Female,Married,Marketing,Marketing Manager,Delhi,Bachelor's,Engineering,Non-Travel,1.9,41339,19,1,2,2,3,No,18,1,5,1,Yes
1206,Patricia Tanaka,49,Female,Single,Sales,Sales Executive,Chennai,PhD,Finance,Travel_Rarely,12.6,78436,24,3,2,3,3,Yes,35,0,6,4,Yes
1207,Anika Anderson,40,Female,Divorced,Customer Support,Support Team Lead,Delhi,Bachelor's,Business,Travel_Frequently,5.8,43914,24,3,2,4,3,Yes,8,2,3,5,No
1208,Pari Li,27,Female,Divorced,Operations,Logistics Coordinator,Bangalore,Master's,Human Resources,Travel_Rarely,4.6,40843,23,4,3,4,2,Yes,38,3,6,4,No
1209,Rohan Reddy,57,Male,Single,Customer Support,Support Executive,Madurai,Master's,Human Resources,Travel_Frequently,3.3,40275,14,4,1,3,3,No,6,1,6,3,No
1210,Liam Tanaka,39,Male,Divorced,Operations,Logistics Coordinator,Madurai,Bachelor's,Business,Travel_Frequently,14.3,65123,11,1,1,1,3,No,9,6,2,2,Yes
1211,Riya Shah,22,Female,Married,Marketing,Marketing Manager,Coimbatore,Master's,Finance,Travel_Frequently,0.4,128261,12,3,1,4,2,No,9,1,0,0,No
1212,Yuki Kumar,26,Female,Divorced,HR,Recruiter,Coimbatore,PhD,Life Sciences,Non-Travel,4.8,27606,17,3,3,2,2,No,37,3,6,4,No
1213,Saanvi Iyer,57,Female,Married,Customer Support,Customer Success Manager,Pune,High School,Human Resources,Non-Travel,5.1,39433,19,1,1,1,3,No,5,5,5,4,No
1214,Carlos Anderson,53,Male,Married,Customer Support,Customer Success Manager,Pune,PhD,Engineering,Travel_Frequently,5.4,33670,10,4,4,2,3,No,19,6,5,2,No
1215,Sanjay Joshi,29,Male,Single,Finance,Accountant,Hyderabad,High School,Finance,Non-Travel,3.6,54242,14,2,2,4,2,No,3,2,0,3,No
1216,Elizabeth Banerjee,49,Female,Married,HR,HR Executive,Pune,High School,Finance,Travel_Rarely,10.8,32449,23,2,3,4,3,No,17,1,4,0,No
1217,Elizabeth Smith,54,Female,Divorced,Sales,Sales Executive,Pune,PhD,Human Resources,Travel_Frequently,1.5,51692,10,2,1,3,3,No,21,4,0,1,Yes
1218,Ahmed Gupta,49,Male,Single,IT,Software Engineer,Hyderabad,Master's,Business,Travel_Rarely,0.6,35963,13,1,2,1,4,Yes,37,6,1,0,Yes
1219,Kiara Anderson,38,Female,Single,Operations,Logistics Coordinator,Pune,Master's,Business,Travel_Frequently,7.5,54690,15,2,4,4,2,No,13,4,3,5,No
1220,Sneha Walsh,27,Female,Single,Customer Support,Customer Success Manager,Hyderabad,High School,Computer Science,Travel_Rarely,0.6,50390,25,1,4,4,3,No,26,4,0,0,No
1221,Omar Mukherjee,21,Male,Divorced,Operations,Logistics Coordinator,Madurai,High School,Human Resources,Travel_Frequently,3.2,67887,15,3,1,1,4,No,19,5,1,3,No
1222,Deepak Jones,27,Male,Single,IT,System Admin,Bangalore,PhD,Finance,Travel_Rarely,1.1,60334,11,4,1,4,4,Yes,22,0,2,1,Yes
1223,Navya Lee,35,Female,Single,R&D,Research Scientist,Mumbai,PhD,Finance,Travel_Frequently,0.9,26548,13,3,4,1,3,Yes,38,0,6,0,No
1224,Arjun Rao,48,Male,Divorced,IT,IT Manager,Coimbatore,Master's,Computer Science,Non-Travel,0.5,66996,24,1,1,3,2,No,24,4,1,0,Yes
1225,Priya Verma,52,Female,Divorced,R&D,Research Scientist,Chennai,Bachelor's,Computer Science,Non-Travel,1.6,36632,11,2,2,2,3,No,27,1,1,1,No
1226,Deepak Williams,47,Male,Divorced,Sales,Account Manager,Delhi,Bachelor's,Computer Science,Travel_Rarely,2.7,72722,15,2,1,1,4,No,31,3,1,2,Yes
1227,Shreya Chatterjee,48,Female,Divorced,Finance,Accountant,Madurai,High School,Computer Science,Travel_Rarely,0.9,50841,13,4,2,3,3,No,21,1,6,0,No
1228,Neha Jones,35,Female,Single,R&D,Lab Technician,Madurai,High School,Marketing,Travel_Rarely,4.5,67001,14,3,4,2,3,Yes,37,0,2,0,No
1229,Robert Mukherjee,39,Male,Married,HR,Recruiter,Mumbai,Bachelor's,Computer Science,Non-Travel,3.0,38921,10,4,1,2,3,No,15,4,1,3,Yes
1230,Fatima Iyer,48,Female,Single,Operations,Operations Manager,Bangalore,PhD,Marketing,Travel_Rarely,0.6,89301,10,1,4,1,3,No,30,6,4,0,No
1231,Pooja Brown,50,Female,Married,Sales,Account Manager,Bangalore,PhD,Finance,Non-Travel,1.9,84581,22,1,4,3,3,Yes,24,0,0,1,No
1232,Linda Pillai,56,Female,Single,R&D,R&D Manager,Delhi,Bachelor's,Engineering,Non-Travel,11.6,84384,12,2,3,3,3,Yes,28,2,0,2,No
1233,Carlos Tanaka,55,Male,Married,Finance,Accountant,Pune,High School,Business,Travel_Rarely,0.1,56168,19,1,2,2,3,No,34,5,0,0,No
1234,Seo-yeon Verma,39,Female,Divorced,Marketing,Marketing Executive,Chennai,Bachelor's,Life Sciences,Non-Travel,2.2,89489,18,4,4,4,3,Yes,20,1,6,1,No
1235,Aadhya Das,43,Female,Divorced,Finance,Accountant,Mumbai,Bachelor's,Finance,Travel_Frequently,5.8,41135,21,2,2,1,1,No,9,3,2,1,No
1236,James Williams,30,Male,Single,IT,System Admin,Mumbai,Master's,Computer Science,Travel_Frequently,0.9,86507,24,3,1,3,3,Yes,37,5,1,0,No
1237,Krishna Kim,28,Male,Married,Finance,Financial Analyst,Coimbatore,Bachelor's,Marketing,Travel_Rarely,3.8,56428,16,2,3,1,2,No,6,4,3,3,No
1238,David Garcia,30,Male,Married,Operations,Operations Manager,Coimbatore,Master's,Computer Science,Travel_Frequently,6.5,138516,14,4,1,4,3,No,28,5,3,6,No
1239,Ana Zhang,42,Female,Married,R&D,R&D Manager,Coimbatore,High School,Computer Science,Non-Travel,5.2,56906,19,4,4,3,3,Yes,20,6,4,3,No
1240,Ishaan Joshi,40,Male,Married,Customer Support,Support Executive,Hyderabad,PhD,Business,Non-Travel,10.9,34624,13,3,1,4,3,No,31,5,6,2,No
1241,Vihaan Das,41,Male,Single,Customer Support,Customer Success Manager,Mumbai,Master's,Business,Travel_Frequently,2.3,67134,20,2,3,2,4,No,11,4,2,2,No
1242,Anika Tanaka,58,Female,Married,IT,Software Engineer,Chennai,Bachelor's,Human Resources,Travel_Frequently,0.8,85979,13,2,4,2,4,No,34,6,4,0,No
1243,Krishna Verma,51,Male,Married,IT,System Admin,Pune,Bachelor's,Life Sciences,Non-Travel,3.7,35544,16,2,1,2,4,Yes,15,2,1,1,No
1244,Arjun Verma,51,Male,Divorced,Operations,Operations Executive,Delhi,High School,Computer Science,Non-Travel,1.9,21346,21,1,1,1,4,Yes,13,1,5,0,Yes
1245,Jennifer Williams,31,Female,Divorced,Marketing,Content Strategist,Bangalore,High School,Life Sciences,Travel_Rarely,6.9,20567,15,1,1,2,4,No,31,2,5,3,Yes
1246,Elizabeth Davis,34,Female,Married,Marketing,Marketing Manager,Bangalore,Master's,Computer Science,Travel_Rarely,4.4,48141,24,1,4,4,3,No,20,5,6,1,No
1247,Neha Reddy,51,Female,Single,IT,Software Engineer,Chennai,PhD,Finance,Travel_Frequently,2.3,33332,22,2,2,1,3,Yes,13,4,6,0,No
1248,Lakshmi Lee,58,Female,Divorced,Finance,Finance Manager,Coimbatore,Master's,Marketing,Non-Travel,3.0,54935,12,4,1,2,3,Yes,7,5,0,3,No
1249,Mary Das,40,Female,Married,R&D,Research Scientist,Madurai,PhD,Business,Non-Travel,2.0,22316,22,1,4,4,4,Yes,29,2,6,2,Yes
1250,Min-jun Malhotra,31,Male,Married,Customer Support,Support Team Lead,Mumbai,Master's,Finance,Travel_Frequently,2.1,30395,21,4,3,2,3,No,32,4,3,2,No
1251,Aditya Kumar,44,Male,Single,IT,IT Manager,Chennai,Master's,Marketing,Travel_Frequently,0.3,103314,24,1,4,3,2,Yes,35,2,0,0,No
1252,Lakshmi Verma,51,Female,Divorced,Sales,Sales Manager,Coimbatore,PhD,Engineering,Travel_Rarely,1.2,95679,16,3,3,3,4,Yes,5,6,6,1,Yes
1253,Divya Walsh,26,Female,Divorced,R&D,R&D Manager,Pune,Master's,Computer Science,Non-Travel,1.4,95870,15,3,2,2,3,Yes,33,3,5,0,No
1254,Noah Desai,55,Male,Married,Operations,Logistics Coordinator,Chennai,Bachelor's,Engineering,Travel_Rarely,2.5,28444,17,2,2,4,3,Yes,11,2,5,2,Yes
1255,Vivaan Banerjee,40,Male,Single,Customer Support,Support Team Lead,Coimbatore,PhD,Finance,Travel_Rarely,4.0,20766,19,1,1,4,4,Yes,6,2,4,4,No
1256,Linda Patel,46,Female,Divorced,HR,HR Executive,Bangalore,High School,Human Resources,Non-Travel,0.9,19006,14,3,2,3,4,No,16,3,1,0,No
1257,Seo-yeon Miller,37,Female,Divorced,Sales,Sales Manager,Pune,High School,Engineering,Travel_Frequently,0.5,144648,11,3,2,1,3,No,3,6,5,0,No
1258,Nisha Brown,28,Female,Married,Marketing,Marketing Manager,Coimbatore,High School,Marketing,Travel_Frequently,8.7,132999,23,4,3,1,3,Yes,32,3,5,6,No
1259,Rahul Joshi,53,Male,Divorced,R&D,Lab Technician,Coimbatore,Master's,Marketing,Travel_Rarely,3.7,20403,17,4,2,2,3,No,6,0,1,3,No
1260,Mary Wilson,51,Female,Married,HR,HR Manager,Mumbai,Master's,Life Sciences,Travel_Rarely,4.6,50947,15,1,4,2,4,No,13,2,5,0,No
1261,Navya Patel,44,Female,Divorced,HR,Recruiter,Bangalore,High School,Finance,Travel_Frequently,0.8,21656,16,2,2,3,3,No,9,3,6,0,No
1262,Neha Miller,32,Female,Single,Operations,Operations Executive,Chennai,Master's,Engineering,Non-Travel,0.5,81457,23,2,3,3,4,No,14,5,3,0,Yes
1263,Vihaan Johnson,36,Male,Divorced,Customer Support,Support Team Lead,Chennai,High School,Engineering,Non-Travel,8.1,16347,12,2,4,3,2,No,22,3,1,2,No
1264,James Iyer,29,Male,Married,Customer Support,Support Team Lead,Pune,PhD,Engineering,Non-Travel,0.8,39145,14,4,2,2,3,No,29,0,1,0,Yes
1265,Meena Menon,50,Female,Married,Operations,Operations Executive,Madurai,High School,Marketing,Non-Travel,0.6,65823,18,1,2,2,4,Yes,11,5,4,0,No
1266,Ahmed Park,32,Male,Single,Operations,Operations Executive,Delhi,PhD,Finance,Travel_Frequently,5.7,33902,18,3,1,2,1,No,31,3,5,4,No
1267,Liam Smith,57,Male,Single,HR,HR Executive,Chennai,Master's,Engineering,Non-Travel,0.1,40260,19,4,2,1,1,Yes,25,6,3,0,Yes
1268,Yuki Malhotra,29,Female,Single,IT,IT Manager,Bangalore,Master's,Human Resources,Travel_Frequently,0.4,136101,17,2,2,4,3,Yes,33,2,3,0,No
1269,Manoj Anderson,48,Male,Divorced,R&D,Lab Technician,Hyderabad,Bachelor's,Business,Travel_Frequently,0.8,25910,21,1,1,4,3,No,37,6,2,0,No
1270,Ayaan Anderson,32,Male,Divorced,HR,HR Manager,Chennai,High School,Marketing,Travel_Frequently,6.0,49313,13,2,1,2,2,No,39,2,6,3,Yes
1271,Aarav Menon,51,Male,Divorced,Customer Support,Customer Success Manager,Coimbatore,PhD,Engineering,Non-Travel,2.3,28027,16,2,2,1,4,No,13,6,0,2,No
1272,Neha Patel,40,Female,Single,Customer Support,Support Executive,Madurai,PhD,Computer Science,Travel_Rarely,0.9,29729,10,2,4,2,3,No,26,0,2,0,No
1273,Shreya Iyer,52,Female,Single,Operations,Operations Manager,Madurai,Bachelor's,Finance,Non-Travel,5.2,119654,25,3,4,4,3,Yes,19,5,1,2,No
1274,Robert Kelly,50,Male,Divorced,HR,HR Manager,Coimbatore,PhD,Life Sciences,Non-Travel,6.2,42333,23,1,3,4,2,Yes,39,3,0,3,No
1275,Vivaan Williams,37,Male,Divorced,IT,IT Manager,Mumbai,Bachelor's,Life Sciences,Travel_Rarely,3.5,128043,13,3,1,3,4,No,36,2,1,3,No
1276,Maria Singh,27,Female,Divorced,R&D,R&D Manager,Chennai,High School,Business,Travel_Rarely,2.8,142338,16,1,4,2,3,No,9,0,6,2,No
1277,Ramesh Chen,42,Male,Married,Finance,Finance Manager,Mumbai,High School,Engineering,Non-Travel,5.7,135013,21,2,4,4,3,No,30,6,4,0,No
1278,Ahmed Reddy,26,Male,Single,IT,System Admin,Coimbatore,Bachelor's,Marketing,Travel_Frequently,0.8,88128,20,3,1,4,3,No,36,6,2,0,No
1279,Wei Wilson,34,Male,Single,Customer Support,Customer Success Manager,Pune,PhD,Life Sciences,Travel_Frequently,12.8,60773,15,3,1,2,2,No,34,2,6,0,No
1280,Kavya Malhotra,48,Female,Divorced,R&D,R&D Manager,Chennai,Master's,Engineering,Non-Travel,1.1,33642,22,2,2,2,3,Yes,37,5,1,1,Yes
1281,David Anderson,27,Male,Single,HR,Recruiter,Coimbatore,PhD,Computer Science,Travel_Rarely,3.9,28197,23,4,2,3,3,No,29,5,3,3,No
1282,Jose Anderson,29,Male,Single,R&D,R&D Manager,Delhi,PhD,Marketing,Non-Travel,8.0,50327,19,3,1,1,3,Yes,20,2,2,3,No
1283,Jian Nair,40,Male,Single,Finance,Financial Analyst,Mumbai,PhD,Computer Science,Non-Travel,4.7,64279,24,4,4,4,4,No,9,6,1,4,No
1284,James Patel,47,Male,Single,Operations,Operations Executive,Coimbatore,Master's,Human Resources,Non-Travel,5.6,60481,16,1,4,1,2,No,37,6,0,5,No
1285,Ayaan Tanaka,32,Male,Divorced,Sales,Sales Manager,Delhi,Bachelor's,Life Sciences,Non-Travel,0.4,36186,13,2,2,4,1,No,25,2,0,0,No
1286,Anil Patel,30,Male,Married,Finance,Accountant,Mumbai,High School,Human Resources,Travel_Rarely,1.1,62495,17,3,4,4,4,No,4,1,1,1,No
1287,Aadhya Smith,50,Female,Divorced,Operations,Operations Executive,Madurai,High School,Marketing,Travel_Rarely,0.9,36458,14,3,2,4,3,No,33,1,6,0,No
1288,Seo-yeon Iyer,21,Female,Single,Customer Support,Customer Success Manager,Hyderabad,Bachelor's,Computer Science,Travel_Frequently,5.7,37187,22,3,1,1,2,No,5,2,0,5,No
1289,Yuki Chatterjee,53,Female,Divorced,IT,IT Manager,Pune,Master's,Life Sciences,Travel_Frequently,8.7,88771,23,2,4,1,3,Yes,1,5,1,4,No
1290,Arjun Tanaka,22,Male,Married,Customer Support,Customer Success Manager,Bangalore,Master's,Life Sciences,Non-Travel,0.4,47812,21,2,1,4,1,No,18,5,5,0,No
1291,Divya Mukherjee,52,Female,Divorced,IT,Software Engineer,Hyderabad,PhD,Finance,Non-Travel,10.2,85578,15,4,2,2,3,No,37,5,5,0,No
1292,Anil Park,35,Male,Divorced,Finance,Financial Analyst,Chennai,Master's,Finance,Travel_Frequently,12.2,62336,11,4,2,4,3,No,30,3,2,5,Yes
1293,Seo-yeon Smith,21,Female,Single,Operations,Operations Executive,Pune,High School,Human Resources,Non-Travel,0.2,63152,10,3,3,1,3,Yes,31,3,6,0,No
1294,Reyansh Chen,36,Male,Divorced,IT,Software Engineer,Pune,Bachelor's,Computer Science,Non-Travel,8.0,24370,24,4,3,3,4,No,9,0,6,0,No
1295,Kiara Gupta,24,Female,Divorced,Sales,Sales Manager,Coimbatore,PhD,Computer Science,Travel_Frequently,2.2,140043,20,1,2,3,3,No,2,3,4,2,No
1296,Arjun Lee,33,Male,Married,HR,Recruiter,Hyderabad,Master's,Marketing,Non-Travel,0.6,34153,19,4,3,3,3,No,10,1,3,0,No
1297,Ahmed Lee,30,Male,Single,Sales,Sales Executive,Chennai,PhD,Engineering,Travel_Rarely,1.4,81263,11,3,2,3,3,No,11,0,3,1,No
1298,Suresh Anderson,34,Male,Married,Marketing,Marketing Manager,Pune,PhD,Business,Travel_Rarely,3.0,59747,17,2,2,3,1,Yes,13,2,1,2,No
1299,Rohan Rao,22,Male,Divorced,HR,HR Manager,Bangalore,High School,Life Sciences,Travel_Rarely,2.6,36243,12,3,2,2,4,No,40,3,5,0,No
1300,Karan Rao,55,Male,Married,Operations,Logistics Coordinator,Pune,Master's,Human Resources,Non-Travel,1.1,39472,25,3,1,2,2,No,9,6,4,1,No
1301,Rahul Li,45,Male,Divorced,IT,System Admin,Madurai,Bachelor's,Engineering,Travel_Frequently,6.8,24797,19,2,4,2,4,No,16,3,1,3,No
1302,Meena Kim,26,Female,Married,HR,HR Executive,Hyderabad,PhD,Human Resources,Travel_Rarely,1.9,28400,18,3,1,4,3,No,12,3,1,1,No
1303,Manoj Li,53,Male,Single,R&D,Lab Technician,Delhi,High School,Computer Science,Travel_Frequently,1.4,55974,19,2,3,2,4,No,35,2,0,1,No
1304,Mei Lee,21,Female,Single,Customer Support,Customer Success Manager,Mumbai,PhD,Business,Non-Travel,5.1,69893,24,3,1,1,3,Yes,27,1,3,5,No
1305,Deepak Sharma,52,Male,Divorced,IT,System Admin,Delhi,PhD,Marketing,Travel_Frequently,4.2,24221,22,2,2,2,4,No,37,5,6,3,No
1306,Omar Jones,33,Male,Married,Customer Support,Support Executive,Pune,PhD,Finance,Travel_Rarely,3.7,15879,19,2,1,2,2,No,19,1,1,3,No
1307,Layla Sharma,31,Female,Single,IT,System Admin,Coimbatore,Bachelor's,Computer Science,Non-Travel,0.4,46958,19,3,2,4,4,No,11,4,4,0,No
1308,Lakshmi Rao,21,Female,Single,HR,HR Manager,Bangalore,PhD,Human Resources,Non-Travel,0.3,27768,15,4,2,3,3,No,20,3,4,0,No
1309,Maria Jones,32,Female,Single,R&D,Lab Technician,Chennai,Bachelor's,Life Sciences,Travel_Frequently,5.7,48476,13,4,3,4,4,No,24,0,6,4,No
1310,Anil Chatterjee,53,Male,Divorced,Sales,Sales Manager,Chennai,High School,Finance,Non-Travel,1.8,32652,17,2,4,3,3,No,30,0,0,1,Yes
1311,Priya Menon,22,Female,Divorced,R&D,Research Scientist,Hyderabad,High School,Human Resources,Travel_Frequently,2.3,43322,13,2,3,1,4,No,29,5,0,2,No
1312,Vihaan Jones,33,Male,Single,Marketing,Marketing Manager,Delhi,Bachelor's,Computer Science,Travel_Frequently,0.0,58739,16,2,2,2,1,No,21,2,4,0,No
1313,Yuki Singh,35,Female,Single,Marketing,Marketing Executive,Pune,Master's,Business,Travel_Frequently,3.9,56497,25,3,2,1,2,Yes,20,6,4,0,No
1314,James Jones,29,Male,Married,IT,Software Engineer,Pune,PhD,Computer Science,Travel_Rarely,0.6,21742,23,2,2,1,3,No,20,1,5,0,No
1315,Krishna Brown,52,Male,Divorced,Finance,Financial Analyst,Mumbai,PhD,Business,Travel_Rarely,10.5,37598,19,3,1,3,3,No,34,6,3,6,No
1316,Patricia Banerjee,34,Female,Married,Sales,Account Manager,Delhi,Bachelor's,Human Resources,Non-Travel,0.3,64494,16,2,1,2,2,Yes,36,6,6,0,Yes
1317,Nisha Menon,33,Female,Married,Marketing,Marketing Manager,Mumbai,Bachelor's,Engineering,Non-Travel,0.4,107350,25,2,4,4,3,No,28,6,1,0,No
1318,Deepak Kelly,55,Male,Married,HR,Recruiter,Mumbai,Master's,Marketing,Travel_Frequently,0.5,30376,21,2,4,2,4,Yes,33,5,5,0,No
1319,Linda Jones,52,Female,Single,Finance,Finance Manager,Bangalore,PhD,Computer Science,Travel_Frequently,6.1,108700,17,4,1,3,3,No,28,5,1,3,No
1320,Diya Das,37,Female,Divorced,Customer Support,Customer Success Manager,Mumbai,Master's,Business,Non-Travel,3.0,44118,19,1,4,2,4,Yes,28,2,5,3,No
